Node,Adjacent nodes
4134012908,"[175355783, 3114063256]"
243796174,"[175394255, 1005022141]"
243796175,"[1102902717, 243796371, 1102902718]"
243796233,"[243796255, 243796371, 192290391]"
243796255,"[243796233, 175397196, 243796257]"
243796257,[243796255]
243796260,"[175397196, 175394249, 3426528149]"
1470630250,"[412820514, 915652041]"
243796371,"[243796175, 243796233]"
775948804,"[176144584, 176144585]"
458755944,"[410983333, 1483045635]"
459805088,"[176179609, 360181868]"
458756765,"[458757595, 1483045633]"
458757595,"[458756765, 804657816]"
458757856,[1747118031]
175118129,"[175119648, 176197027, 175131768, 410968169]"
412096536,"[537979413, 212656908]"
175119648,"[175118129, 220643321, 1341958320, 198655214]"
175119655,"[3923909095, 3498419461]"
1071128522,"[915838100, 409769012]"
176169911,"[411722001, 241895609]"
176169918,"[939957998, 411722001]"
176169924,"[1154170407, 939957998, 3709007077]"
176169927,"[931540544, 568020070, 3700614811]"
2164270459,"[2045030961, 4397222528]"
506996271,"[921254648, 506996294]"
506996294,"[432779577, 506996271, 1075423801]"
3714590316,"[990043723, 411225437]"
176171245,"[1153180667, 3709010994, 841989530]"
176696076,"[1184114948, 176697860]"
2910142023,"[242545360, 1369428299]"
175124189,"[710340578, 175126202, 175129445, 710333756]"
175124190,"[710333756, 175129446, 410067526, 3210491160]"
175124192,"[3210491160, 1585537476]"
412102594,"[651316802, 829799254]"
412102600,"[411276240, 411225440, 411275019]"
412102611,[829806254]
521678895,"[220470138, 220469213]"
176697860,"[176696076, 176699630]"
637623877,"[1336665714, 3610206173]"
175126202,"[710333758, 175127331, 710340578, 175124189]"
175126204,"[710333758, 175126208]"
175126208,"[176279662, 413451788, 175127329, 175126204]"
175126230,"[175127317, 179453623, 2158121644]"
795958935,"[1747118031, 3077985666]"
176699630,"[176668371, 176697860]"
603470132,"[176624355, 192073549]"
663239418,"[192136676, 192136677]"
175127317,"[175126230, 1344162072, 179453622]"
175127328,"[413451787, 175127329]"
175127329,"[409766060, 175127330, 175126208, 175127328]"
175127330,"[175127329, 175127331]"
175127331,"[175126202, 410194944, 175129445, 175127330]"
2408070140,"[412516637, 2613494326, 412516638]"
176176307,"[176176308, 3708911685]"
176176308,"[176176307, 176176310]"
176176310,"[3698302403, 854358493, 176176308]"
176176320,"[410918930, 212652884]"
176176323,"[638205794, 635944418, 931380617, 930364687]"
176176328,"[293106029, 3700921719, 3689581827]"
176176333,"[225604290, 1342933735]"
176176336,"[176176338, 644992159]"
176176338,"[176176336, 761372494]"
314575417,"[192076452, 413541328]"
1747118031,"[458757856, 1747118027, 795958935]"
175129445,"[710333742, 410194944, 175124189, 175127331]"
175129449,"[418202970, 220497815, 3684358044, 763375388, 5228173768]"
3711976332,"[3711976333, 360179822]"
3711976333,"[176180273, 3711976332]"
176179609,"[459805088, 928405846, 176179611]"
176179611,"[176179614, 176179609]"
176179614,"[176179621, 176179611]"
176179621,"[176184692, 360177841, 176179614, 176180269]"
4397222528,"[2164270459, 360179247]"
176180269,"[663606420, 176179621]"
176180273,"[3718810171, 3711976333, 663606420, 317649456]"
175131768,"[220643321, 175118129, 175131769]"
175131769,"[175131768, 192228507]"
175131770,"[192228507, 3923909098]"
175131771,"[3498419467, 2374646872]"
369643184,"[369643189, 369643374]"
369643189,"[369643184, 175138533]"
612896049,"[541397189, 176201780]"
369643374,"[369643527, 369643184]"
338186107,"[179598252, 179457051]"
369643527,"[241924897, 369643374, 416608928]"
175040705,"[410060116, 1332437461, 175040709, 803415479]"
176668369,"[1184114912, 176668371]"
220748852,[3689739256]
230710525,"[410053827, 220470133, 176188570]"
176184692,"[176179621, 176184693]"
176184693,"[360181868, 723856991, 176184692, 783673845]"
176184694,"[2368611037, 2368611035]"
175136131,"[316419821, 316419821, 2374550804]"
175136133,"[2374550816, 2374550814]"
175136135,"[1853830344, 1615447113, 1853830367]"
175136140,"[1204230041, 175136141, 360177588]"
175136141,"[1616495239, 175136140]"
230726799,"[230726798, 975581851]"
569925214,"[1277005296, 569925896]"
5052829956,"[175036077, 5052829943]"
825255598,[3311678238]
175138533,"[1204230039, 1853830380, 369643189]"
415263357,[415263369]
415263358,"[415263359, 175332987, 415263376]"
415263359,"[415263358, 415263364, 415263376]"
415263364,"[415263359, 415263369]"
415263369,"[482310174, 415263364, 415263357]"
415263376,"[415263358, 415263359]"
293104775,[293104776]
293104776,"[293105077, 293104775, 1217202930]"
176188559,"[413451788, 724916519, 220464469, 319525171]"
176188570,"[410053831, 230710525, 176188572]"
176188572,"[2126776920, 176188570, 176189218]"
293105077,"[293104776, 1324540964, 293105078]"
293105078,[293105077]
4703415945,"[2126032288, 4703415945, 4703415945]"
4703415956,[2126032275]
3602465775,"[1184103403, 175281710]"
176189218,"[176188854, 2126776920, 176190185, 176188572]"
5107229796,"[179399586, 192076454]"
293106028,"[410053831, 293106029]"
293106029,"[176176328, 410053827, 293106028, 293106130]"
293106130,"[2916981676, 293106029, 3701676381, 803415854]"
176190185,[176189218]
293107245,"[1802576582, 411822909, 2046596649]"
293107382,"[212641540, 225658109, 410062605]"
2884663915,"[176301558, 176299757, 319529728]"
230718286,"[230718288, 230726813, 186405002]"
230718288,"[230718286, 230718291]"
230718291,"[268280159, 230718295, 230718288]"
230718295,"[230718291, 268279718]"
3689739256,"[220748852, 411286166]"
4782735521,"[176629104, 176624355]"
2320008594,"[220659131, 176144588, 176144588]"
176195118,"[176195119, 3158022307]"
176195119,"[176195118, 176301558, 176300872]"
176195120,"[212641538, 176195122, 2883155337, 3689551403]"
176195122,"[212641540, 176195123, 176195120, 2046596649]"
176195123,"[176195122, 176147425, 3704170122, 807615491]"
176195127,"[414443436, 414443365, 1613897211, 414443282]"
3700983689,"[230855175, 638205794]"
3718810171,"[176180273, 763375388]"
3207250367,"[2045030961, 459436065, 645034776]"
432573333,"[2874362910, 1483045633]"
643337560,"[176602999, 412372139]"
176197027,"[175118129, 2374550814]"
513094235,"[175347189, 175347187]"
613597901,"[176188551, 176188555]"
1244173517,[462373971]
2112395507,"[192192660, 176668360]"
432577084,"[432577978, 432578728, 175281746]"
1699781359,"[1699781363, 1699781403, 1699781346, 360181864]"
1699781403,"[1699781359, 1699781363, 710340578]"
415276001,[176603009]
230726798,[230726799]
230726813,"[230727778, 230718286]"
432577978,"[432577084, 432578646, 432575467]"
175031560,"[175031563, 192073543]"
230727343,"[417792673, 230727778]"
175031614,"[1606501379, 241918728]"
176201773,"[192228507, 2374646874, 3612122139, 3923909095]"
176201780,"[413554851, 413554877, 781288893, 612896049]"
176201781,"[176201782, 795997487, 4243906366]"
176201782,"[176201781, 2374646874]"
432578646,"[432578728, 432577978, 3602286160]"
230727778,"[230726813, 230727343]"
432578728,"[175281719, 432578646, 432577084]"
192145051,"[192136672, 192144824, 192145123]"
813213151,"[4453293168, 413942172, 4160885990]"
176203293,"[412486513, 2152851726, 781288893]"
176203297,"[911637628, 175054404]"
1260431964,"[2370576229, 2368611059]"
2126032199,[2126032234]
2126032233,[463064085]
2126032234,"[2126032271, 2126032199]"
2126032271,"[2126032234, 2126032275]"
2126032275,"[2126032271, 4703415956, 2126032288]"
485535276,"[220533627, 487767549, 796777476]"
3605048983,"[971707802, 3605048985]"
2283319420,"[3236233266, 4887503183]"
410875001,"[632375000, 503401130]"
2071557279,"[504317249, 3066517309]"
3630743528,"[192144062, 192144076]"
829997085,"[412539987, 921254626]"
2374550804,"[175136131, 2374550816, 2374550814]"
2374550814,"[176197027, 2374550804, 2374550828, 175136133]"
2374550816,"[412457934, 175136133, 2374550804, 2374550828]"
2608907557,"[2608907558, 413771094, 3234118027]"
1140378626,"[1139495271, 415533588]"
1140378627,"[175248472, 415533585]"
3707817247,"[490521152, 2283239775]"
3178287322,"[179414096, 176668360]"
410046808,"[803415854, 2373232700]"
942723438,"[410058308, 942723486]"
942723486,"[803415479, 942723438]"
410047434,"[175048160, 175048158]"
410049573,"[176144584, 410049575]"
410049575,"[176277603, 410049573]"
1271979992,"[4243906366, 4321064770, 3498419458]"
1483045606,"[410983326, 1483045611, 410983328, 2223135286]"
1483045633,"[410983329, 458756765, 1483045627, 432573333]"
3117927971,"[1827314431, 3610206174]"
231270552,[424886012]
231270601,"[1306149679, 419772415, 1620327289]"
231270634,"[4271975656, 231270638, 412690231]"
231270638,"[231270634, 1418999560]"
231270654,"[175332959, 231270657]"
231270657,"[231270661, 231270654]"
537979413,"[1236679313, 412096536]"
179453622,"[457422373, 175127317]"
410053827,"[319524908, 410053831, 230710525, 293106029, 410053830]"
410053830,"[2916981676, 410053827]"
410053831,"[410053827, 293106028, 176188570]"
5170589322,"[1853830366, 1853830368, 411815606]"
2283239723,"[1474079206, 2283239639, 2283239728, 3236233272]"
410055100,"[3700921719, 176176327]"
456717152,[220403533]
410058305,"[1699781346, 2429313146]"
410058308,"[942723438, 2046596624]"
1490092440,"[212638155, 990852381]"
241918829,"[241918720, 241918826, 241918724]"
4832001155,"[176624721, 176622200]"
1621165387,"[220464475, 220464473]"
410060113,"[176277605, 1608497388, 179443339, 179442766]"
410060116,"[175040705, 3701666386]"
175036073,"[455895476, 175031572, 1615721380, 4875327078]"
175036080,"[412496938, 175031579, 175036077, 176529951]"
747702513,"[225658109, 225658112]"
410062604,"[225604293, 410062605]"
410062605,"[410062604, 293107382]"
4886960048,"[175036128, 528622877]"
316419821,"[412457842, 175136131, 175136131, 175136127]"
176132470,"[2206889238, 176132475, 175394261]"
410067526,"[360181864, 175124190]"
410067529,"[1520596364, 360181864]"
958472806,"[416571308, 970886128, 1008892590]"
781288893,"[176201780, 176203293]"
923870247,"[761892211, 5165808816, 1892871568, 968518467]"
1914250636,"[410873852, 412049654]"
412690231,[231270634]
319892986,"[319892993, 175075308]"
319893177,"[175036112, 540867697, 540867716]"
319893180,"[1606501379, 241920422, 175031598, 175036112]"
319893201,"[241920422, 175031590, 416608928]"
319893598,"[176132477, 176133255]"
3602461035,"[514618594, 418814402, 418814405]"
319893904,"[175266309, 319893997]"
319893997,"[319893904, 175266290]"
4778199164,"[416564071, 412486513]"
192116652,"[192116649, 314571441, 192116655, 192135439]"
921254612,"[837169557, 618802672, 921254626]"
921254626,"[921254612, 829997085]"
921254630,"[482291848, 921254648]"
921254648,"[506996271, 432779613, 921254630]"
548486932,"[192138568, 179399592]"
3701676381,"[293106130, 225604290]"
1606501376,[456738465]
1606501378,"[175036112, 175036122]"
1606501379,"[175031614, 319893180]"
456738465,"[540867729, 1606501376]"
632375000,"[410875001, 410875074]"
503401130,"[410875001, 220961837]"
702107791,"[414443282, 412413111]"
229201068,"[3518828018, 229201118, 3066517309]"
229201092,"[229201114, 760853843]"
229201114,"[229201092, 229201118]"
1324540964,[293105077]
643390613,"[360181866, 175129446]"
1585537475,"[192224757, 192224754]"
418996819,"[175277031, 458910555]"
418996823,[1169392222]
418997388,"[418997401, 458910555, 412749998]"
418997401,"[3311678238, 418997388]"
418997823,"[412262632, 418998761]"
418998752,"[176134395, 179413468]"
418998753,"[435290106, 435290121]"
418998761,"[418997823, 418998762]"
418998762,"[3753677017, 418998761, 410992895]"
418998772,"[179414096, 176134395]"
179399582,"[413537567, 911637622]"
179399586,"[5107229778, 5107229794, 503136592, 5107229796]"
179399592,"[192128662, 548486932, 5107229768]"
179399601,"[179399603, 2431222034, 2888591070]"
179399603,"[179399601, 179399605]"
179399605,"[241895609, 411829193, 179399603]"
418999307,"[176134383, 411232472]"
176176327,"[410055100, 3689569432]"
3602286160,"[432578646, 418814380]"
2883155337,"[176195120, 319529728]"
412537658,"[220822969, 456227937]"
456227937,"[554357881, 412537658]"
493976681,"[176277599, 176144584]"
4538165799,"[1204230041, 1204230016, 4538165802]"
456228114,"[1615198889, 414443319, 3704246259]"
878804561,"[2661430382, 2114705802]"
176609224,"[913068564, 176267562]"
3708911685,"[3685366385, 176176307]"
457801800,"[568024645, 457801803]"
457801803,"[474662006, 457801800]"
176609231,"[176620226, 414422156, 4888965530]"
2431222034,"[2888591070, 179399601]"
1613857458,"[192078101, 176302954]"
4170810592,"[798730340, 175355783]"
2368611019,"[409770814, 2368611035, 2368611037]"
2368611037,"[176184694, 2368611059, 2368611019, 409769012]"
179406613,"[176188555, 409766060]"
2148632653,"[192086326, 966505785, 2599265516]"
539593103,[449206481]
176277605,"[410060113, 179442766, 3291866153]"
1699842625,[424956913]
179408141,"[457422373, 1479400989, 179457051, 445428494]"
179408143,"[1479400988, 1479400989]"
761892211,"[503093048, 923870247]"
708414883,"[175048160, 1387234852, 2908690121]"
708414979,"[175048158, 223295952]"
5264049283,[416547560]
5026452261,"[3858169959, 3858169964]"
175129446,"[175129447, 175124190, 643390613, 710333742]"
175129447,"[5228173768, 175129446]"
507091518,"[192192660, 496218307]"
3664266505,"[3718151209, 2283239701]"
761372494,"[179443339, 176176338]"
176267558,"[474624776, 618853800, 4321064765]"
176267562,"[176609221, 176609224, 4869735541, 4967986735, 4869735541]"
176267569,"[474644253, 455895478, 538837615]"
176267573,"[4035906190, 415369699]"
176267582,"[176267576, 192072558, 176567992, 176267585]"
176267585,"[176267582, 176267588]"
176267600,"[176267607, 220563120]"
176267607,"[1553399292, 176267600, 231270661]"
3732513225,"[220469234, 175267819]"
3732513226,"[1393925359, 3732735377]"
179413468,"[435290121, 875617109, 418998752]"
471441994,[453316803]
915513972,"[415534056, 241893653]"
179414096,"[418998772, 412262632, 179598255, 3178287322]"
413771080,"[192290386, 176397094, 413771094]"
413771094,"[413771080, 2608907557]"
2916981676,"[319524908, 293106130, 410053830]"
220833845,[1036926934]
176668373,"[435322583, 435328522]"
1075423801,"[179437086, 506996294]"
416918616,"[416918629, 3718151209]"
416918626,"[417803532, 417803533]"
665864109,"[1483045635, 837429722]"
793882469,"[220630798, 175054405]"
411677237,"[1253924563, 2314631335]"
411677241,[411677243]
411677243,[411677241]
456766260,"[3498419454, 541397189, 4321064765]"
793883470,"[220659131, 703571069]"
760853843,"[229201092, 3518828018]"
958510437,"[3610206174, 4843531472]"
538986783,"[610520819, 3689236014]"
192082991,"[412356841, 4843545532]"
3709007077,"[176169924, 412049654]"
212617843,"[412486513, 4346949778]"
618853800,"[179428591, 176267558]"
1616495239,"[175136141, 412473558]"
1615447113,"[1853830344, 175136135, 2374550828]"
825869535,"[411225448, 825869546]"
825869546,"[411275026, 825869535]"
1300350562,"[176624355, 176624721]"
176267576,"[192072558, 176267582, 192072549, 4035906190]"
176267588,"[176267591, 176267585]"
176277596,"[220626598, 413554877, 176277597]"
176277597,"[220643321, 220646593, 176277596, 176277599]"
176277599,"[493976681, 176277597, 703571069, 198655214]"
176277603,"[410049575, 3291866153]"
1616486769,"[503136594, 192128662, 5107229768]"
1093455916,[829806237]
463064085,"[175241198, 462325206, 2126032233]"
644992159,"[1342933734, 176176336]"
3612986548,"[176157979, 176157983]"
176529951,"[1751950466, 176533525, 175036080]"
176279662,"[319524890, 175126208, 319525171, 999470855]"
176279665,"[476276888, 724916519]"
176279670,"[192196891, 3331483165, 668987077, 471730363]"
820107858,"[176144584, 2351239270]"
1030347394,"[1387234851, 636984032, 1387234852]"
179428591,"[3498419454, 618853800, 4321064770]"
3498419461,"[175119655, 5035970508, 3498419467, 3498419458]"
3498419467,"[4321693014, 175131771, 5045186638, 3498419461]"
2964683055,"[220564673, 2965584768]"
176530990,"[414402702, 175031579]"
2152851726,"[176203293, 175054404]"
3639208477,"[412473558, 459785148, 423742432]"
5253491622,[725896225]
3639209524,"[1071004567, 423742432]"
3721211688,"[4890963965, 4428552168]"
411822909,"[293107245, 225658113]"
795997487,"[413554851, 176201781]"
175241198,[463064085]
176289960,[544481056]
179437086,"[175355780, 1075423801]"
435290106,"[418998753, 3753677017]"
435290121,"[179413468, 418998753]"
3858169962,"[410968169, 192224754]"
4346893827,"[2599265516, 192156852]"
412747179,"[1102902717, 175394257, 412747181, 175397205]"
412747181,"[175394255, 412747179, 536496842, 1102902718]"
176294204,"[176302954, 412050737]"
415369699,"[538837615, 415369698, 192083137, 176267573]"
416918629,"[3716995644, 416918616]"
179442766,"[179442776, 176277605, 410060113]"
179442775,"[220500686, 179442776, 179443339]"
179442776,"[179442766, 179442775, 220500339]"
618796479,"[192083126, 618832572]"
179443339,"[1520596364, 179442775, 410060113, 761372494]"
4937881712,"[1615251772, 223291357]"
175249720,[544481058]
3684358044,"[1585537476, 175129449, 220497815, 3684439934]"
2861412235,"[686271225, 412413113, 3694964868, 3818570402]"
412229350,"[412229300, 175271077]"
176299757,"[192078101, 2884663915]"
175266312,"[175266317, 175266309, 504317249]"
5107229794,"[5107229766, 179399586, 5107229776, 5156320905]"
176300872,"[176195119, 176301558, 176300876]"
176300876,"[176300880, 176300872]"
176300880,"[655219456, 176300876, 192078101]"
176300884,"[1060972451, 412050738]"
528622877,"[412820514, 4886960048]"
528622902,"[528622904, 412820513, 241925326]"
4937885495,"[3704170122, 225658113]"
2224695399,"[457422373, 179457578]"
492447890,"[192136676, 3512399415]"
837429722,"[1014192408, 665864109]"
1487547117,"[411722000, 410873852]"
618802672,"[618802678, 921254612]"
618802678,"[618802672, 5290924719]"
2877655537,"[186369503, 268279674]"
474624776,"[176267558, 176605047]"
4937889072,"[956003946, 1613914581]"
3512350116,"[1553399292, 231270661]"
2283123676,"[805571450, 2283123679, 2283239630, 2283239639]"
1241659477,"[192224754, 2351239270]"
3685366385,"[3708911685, 241893653, 3709010994]"
2299148928,"[192127240, 192117340]"
1133656877,"[176141242, 1853830366]"
2374646872,"[3923909098, 175131771]"
2374646874,"[176201782, 176201773, 3923909095]"
175258809,[411722271]
175258850,"[220514987, 175266154]"
416571309,[970886128]
179453623,"[175126230, 179457578]"
638205794,"[176176323, 3700983689]"
1306149679,"[1306149723, 231270601, 475874443]"
1306149700,[1306149806]
1306149723,"[1306149679, 1624927323]"
1306149806,"[424891886, 1306149700, 2304598229]"
1249526791,[419269039]
3711896415,"[176157987, 225658114]"
569925896,"[176134392, 569925214]"
471484182,[432779577]
536496842,"[536496850, 175397199, 412747181]"
536496850,"[175394255, 536496857, 536496842]"
536496857,"[536496850, 3426528148, 536496872]"
435309284,[4792906715]
536496872,"[536496857, 175397196, 175397199]"
179457051,"[1234581628, 179408141, 338186107]"
475991535,"[412479670, 410953404]"
924257867,"[1270375799, 4778594872, 414402702]"
179460367,"[410983326, 179460670]"
175266154,"[175258850, 192127250]"
175266186,[1348942855]
175266190,[1348942864]
175266290,"[412224917, 319893997]"
4247935489,"[810324773, 1110694704]"
175266309,"[229201118, 319893904, 175266312]"
290609674,"[600038269, 416611723, 3575471895]"
175266317,"[175266312, 175270032, 175267781]"
2223135286,"[179460670, 1483045606]"
1827822139,"[1624927321, 3783103644]"
3689569432,"[176176327, 212641538]"
175267781,"[504317249, 179598075, 175266317]"
175267819,"[3732513225, 565330203]"
3674760548,"[3674518558, 192073541]"
1270375799,[924257867]
411721999,"[411722271, 410873843, 411722000]"
411722000,"[411722271, 411721999, 1487547117]"
411722001,"[176169911, 176169918]"
1613914581,"[225658114, 4937889072]"
411722271,"[411721999, 175258809, 411722000]"
179462993,"[179460670, 2874362912, 179598075]"
4915881566,"[192105128, 469191096]"
175270032,"[175271082, 175266317]"
1014655166,"[176668351, 410853780]"
968518467,"[2192770314, 923870247]"
458910555,"[458910557, 418997388, 418996819]"
458910557,[458910555]
1624927321,"[475874443, 1827822139]"
1624927323,"[1306149723, 424891885]"
175271064,"[412229308, 175276963]"
175271077,"[412229308, 412229350]"
175271079,"[412229300, 412229355]"
175271080,"[175271082, 412229355]"
175271082,"[175270032, 175271084, 175271080]"
175271084,"[179598075, 175271082]"
4843531472,"[192156852, 958510437]"
459436065,"[3207250367, 175397209]"
4858860717,"[192073549, 192076452]"
225604290,"[176176333, 3689581827, 3701676381, 3514100851]"
225604293,"[410062604, 3514100851, 3701666386]"
225604300,"[1615251772, 1387213376, 2314631335, 2314631335, 1615227523]"
645034729,"[360179251, 645034776]"
645034776,"[3207250367, 645034729]"
645034841,"[176132465, 928405846]"
3066517309,"[2071557279, 229201068]"
411726836,"[411726857, 419269039, 823458995]"
2206889238,"[176132470, 360178196]"
435320910,[435328522]
1008892580,"[414443279, 212638155]"
1008892590,"[3574777411, 958472806]"
2895407600,"[220403490, 220403483]"
435322583,"[412750017, 176668373]"
474644253,"[513530361, 176267569]"
411815606,"[1853830375, 5170589322]"
175071713,"[319892993, 175075312]"
175276963,"[175271064, 175276967]"
175276967,"[175276963, 175276975]"
175276975,"[186368571, 175276967]"
175277006,"[175277009, 418814380]"
175277009,"[175277006, 175277011]"
175277011,"[175281719, 175277019, 175277009]"
175277031,"[175281710, 418996819, 175277019]"
176188551,"[409769016, 613597901]"
176188555,"[179406613, 662932253, 1193125214, 613597901]"
230853785,"[176147425, 628577088]"
1204230043,"[1204229986, 1853830378, 1204230031]"
411283072,"[411283092, 411286166, 411283100]"
230855175,"[3689551403, 3700983689, 1802576582]"
176188854,"[2126776920, 176189218, 3158022307]"
411283095,[411283100]
435327970,[435329041]
435328522,"[435320910, 1184114948, 176668373]"
175281710,"[175277031, 3602465775]"
175281719,"[432578728, 175277011, 1184103403]"
175281746,"[175281748, 432577084]"
175281748,"[175281750, 175281746]"
175281750,"[175281748, 250519458]"
175281762,"[175281767, 250519458]"
175281767,[175281762]
435329041,[435327970]
1827314431,"[3117927971, 2613494326, 3306373691]"
539664544,[220403469]
412262632,"[179414096, 418997823]"
618832572,"[175355783, 618796479, 3114061635, 798730344]"
4843545532,"[192082991, 176567992]"
968534101,"[413537567, 929836272]"
999470855,"[176279662, 1699781363]"
176157986,"[686271225, 212654521, 618576148, 2318880887]"
487767549,"[485535276, 175058339, 175058340]"
175040709,"[175040705, 175048158]"
3818570402,[2861412235]
5006791668,"[175060069, 175060071, 5006791669]"
5006791669,"[412516637, 175060071, 5006791668]"
474662006,"[457801803, 175031563]"
414443436,"[176195127, 414443279, 633565264]"
3574777411,"[212638155, 1008892590]"
423742432,"[3639208477, 3639209524]"
1948960586,[220469212]
1385723550,"[432779607, 432779595]"
192072549,[176267576]
192072558,"[176267576, 192073541, 176267582, 192073541]"
871025864,"[804657816, 871025871]"
871025871,"[3605048985, 971707802, 871025864]"
871025888,"[186369503, 871025891]"
871025891,"[411811583, 871025888]"
411225437,"[651316802, 3714590316]"
411225440,"[829799254, 412102600]"
411225448,"[411275019, 825869535]"
192073541,"[192072558, 192072558, 3674760548]"
192073543,"[175060062, 175031560, 3674518538, 192105137]"
192073549,"[192116649, 603470132, 4858860717, 3630743527]"
192094935,[424956913]
494064139,"[192192660, 192196885]"
554357881,[456227937]
4937884775,"[807615533, 807615491]"
5035973227,"[5035970508, 412496979, 412496980]"
192076452,"[314571441, 314575417, 1892871568, 4858860717]"
192076454,"[314571916, 5107229795, 5107229778, 1005027689, 5107229796]"
679140068,"[415369698, 175054394]"
990043723,"[220961837, 3714590316]"
459464835,"[176134383, 176134386]"
192078098,"[225658114, 1070932824]"
192078101,"[635944418, 1613857458, 176299757, 176300880]"
1747118027,[1747118031]
430297650,[411827206]
1892871568,"[923870247, 192076452]"
192083125,"[412356843, 176533537]"
192083126,"[412356843, 618796479]"
192083137,"[415369699, 798730340]"
192083170,"[798730344, 538837615]"
192083472,[176533537]
1204230031,"[1667484915, 1204230043, 4538165802]"
241893649,[914672726]
241893653,"[3685366385, 915513972]"
192086326,"[2148632653, 192092732]"
763375388,"[175129449, 3718810171]"
3709010994,"[176171245, 3685366385]"
2192770314,"[416574210, 968518467]"
3706390529,"[410968174, 220497815]"
599905971,"[599905974, 1110694704]"
241895609,"[176169911, 179399605, 430302643]"
599905974,"[4889154395, 599905971]"
1316687265,"[175078703, 175078694]"
175058339,"[220533627, 175060069, 487767549, 492227867]"
410194944,"[409740819, 175129445, 175127331]"
971707802,"[871025871, 186369503, 3605048983]"
192091681,"[175355783, 192092732, 192094933]"
220403457,"[220465862, 220469226, 462373971]"
220403469,"[539664544, 462373971, 220403483]"
220403483,"[220403469, 2895407600]"
220403490,"[648262610, 2895407600, 220403524]"
220403524,"[220403533, 220403490]"
192092732,"[192091681, 192086326]"
2324428076,"[412356843, 2324428083, 2324428082]"
175355781,"[3114069061, 175355780]"
1585537476,"[3684358044, 175124192]"
192094933,"[220561273, 192091681]"
412820513,"[175036128, 528622902, 241918728]"
412820514,"[1470630250, 528622877]"
412820516,"[192291050, 915652041]"
803415479,"[942723486, 175040705]"
803415854,"[410046808, 293106130]"
1830497574,"[1830497576, 418725497, 1830497576]"
1830497576,"[176545267, 1830497574, 1830497574]"
459485884,"[175394261, 175394257]"
176545267,"[176545259, 1830497576]"
1479400983,"[477361333, 1479400989, 1479400988]"
1507014289,"[409773017, 409773023]"
3942857069,"[2045030954, 360179251]"
175060062,"[192073543, 3674518558, 175060064, 175036060]"
2970412270,"[2970412255, 3122368904, 3133122012]"
2965584768,"[220566411, 2964683055]"
807615491,"[176195123, 4937884775]"
807615533,"[225658112, 4937884775]"
1853830344,"[175136135, 999135092, 1615447113, 1853830366]"
1853830375,"[411815606, 1853830378, 1853830380]"
1853830380,"[1853830378, 1853830375, 175138533, 1204230039]"
1154170407,"[176169924, 931540544]"
424886012,"[424886036, 231270552, 3783103644]"
424886036,"[424886012, 424886075]"
424886075,[424886036]
319524890,"[176279662, 319524893]"
4552081587,"[571813112, 360177800]"
4552081588,"[360177589, 571813112]"
3306373682,"[2613494334, 2613494326]"
3306373691,"[2613494334, 1827314431]"
225658107,[4147377889]
225658109,"[293107382, 747702513, 1615227523, 4147377889]"
225658112,"[212641540, 1278990843, 807615533, 747702513]"
225658113,"[411822909, 4937885495, 956003946]"
225658114,"[868713895, 192078098, 1613914581, 3711896415]"
414402702,"[3498419472, 176530990, 1410305940, 412457857, 4321693014, 924257867]"
192105128,"[2823802911, 4915881566]"
192105137,"[175058340, 192073543]"
2874362910,"[432573333, 2874362911]"
2874362912,"[179462993, 1705549342]"
568020068,"[568020069, 568020067]"
192106219,"[422443428, 491074149, 422443423]"
1139495271,[1140378626]
496218307,"[176668351, 507091518]"
424891885,"[424891886, 1624927323]"
424891886,"[1306149806, 424891885]"
1014192408,"[179598252, 837429722]"
979065120,"[851362510, 3674518538]"
476273655,"[1418999560, 175336167]"
568024645,"[457801800, 175031572]"
175332959,"[175336167, 231270654]"
175332987,[415263358]
1332437452,"[1342933735, 1342933734, 360181861]"
1332437461,"[1342933735, 1342933734, 175040705]"
241918719,"[192290383, 241918720]"
241918720,"[241918829, 241918719]"
241918724,"[241918829, 241918725]"
241918725,"[241918724, 241918728, 591780190]"
241918728,"[175031614, 412820513, 241918725]"
241918826,"[241918829, 175068232]"
241919839,"[175068232, 175075315]"
2548263294,"[3114061635, 175347187]"
241920422,"[175031590, 175075308, 319893180, 319893201]"
175336161,[482313278]
175336167,"[175332959, 476273655]"
2210410034,"[176141244, 456946649]"
3133122012,"[409773016, 2970412270, 409769015]"
633565264,"[212641552, 414443436]"
426471806,"[176602990, 176605397]"
957051555,"[474653834, 416564073]"
956003946,"[4937889072, 225658113]"
192290883,[192290906]
192117340,"[192128662, 314571916, 192134076, 2299148928]"
3605048985,"[871025871, 268280159, 3605048983]"
192290906,"[416547560, 192290883, 412502503]"
241925114,"[241925111, 241925118]"
241925326,"[416547564, 528622902, 176397094, 528622904]"
241925854,"[175078710, 175078703]"
411271208,[411286166]
1169392222,[418996823]
241927052,"[175066119, 175082606, 192291052]"
241928678,[192291052]
1342933734,"[1332437461, 1332437452, 1342933735, 644992159]"
1342933735,"[1332437452, 1332437461, 176176333, 1342933734]"
662932249,"[413451787, 662932253]"
662932253,"[176188555, 662932249]"
411274440,[829799254]
411274443,[449207230]
411275019,"[411275023, 411225448, 412102600]"
411275023,"[411275019, 411275021]"
411275026,"[651316838, 825869546, 413942172]"
761499598,"[5165808816, 707134921]"
319524893,"[2429313139, 220464469, 319524890, 319524895]"
319524895,"[319524896, 319524893]"
319524896,"[319524908, 319524895]"
319524908,"[220470133, 2916981676, 319524896, 410053827]"
319525171,"[176188559, 176279662]"
5107229766,"[5107229794, 2861412279]"
5107229768,"[179399592, 1616486769, 192128662]"
4778594872,"[1751950466, 924257867]"
5107229776,"[707134921, 5107229794]"
411275950,[1217202930]
411275961,"[411275960, 411276240]"
411275964,[411276972]
5107229778,"[179399586, 5107229795, 192076454, 5156320905]"
411276240,"[449207223, 412102600, 411275961]"
414422156,"[412359792, 176609231]"
175347187,"[513094235, 2548263294]"
175347189,"[412539987, 513094235]"
175347199,[5290924719]
411276971,[411276972]
411276972,"[411276971, 1090393934, 411275964]"
3158022307,"[176188854, 176195118]"
176397094,"[192291874, 413771080, 416547560, 241925326]"
220961837,"[990043723, 503401130]"
3700614811,"[410851161, 176169927]"
241924526,"[241919962, 414574792, 414575548]"
453222114,[453223425]
1699781346,"[410058305, 1699781363, 1699781359]"
192116649,"[192073549, 192116652, 192144081, 4915897709]"
1699781363,"[1699781359, 1699781346, 1699781403, 999470855]"
453223425,[453222114]
192128662,"[192117340, 179399592, 1616486769, 5107229768]"
4889154395,[599905974]
798730340,"[192083137, 4170810592]"
798730344,"[192083170, 618832572]"
1645456305,[1645456330]
1645456330,"[176668360, 1645456305, 341979449]"
411283100,"[411283095, 411283072, 411283073]"
432779576,[432779607]
432779577,"[506996294, 471484182]"
900444494,"[503118102, 2823802911]"
432779607,"[432779576, 1385723550]"
432779613,"[432779595, 921254648]"
3512399415,"[412516638, 492447890]"
1705549342,"[2874362911, 2874362912]"
1615721380,"[175036073, 176533535]"
457422373,"[179408141, 1234581628, 2224695399, 179453622]"
4792906715,[435309284]
175355780,"[179437086, 175355781]"
411286166,"[411271208, 3689739256, 411283072]"
192134076,"[192116655, 192117340, 192117168]"
3716922624,"[179453624, 4433695672]"
931380617,"[410918930, 176176323]"
915652041,"[1470630250, 412820516]"
411811583,"[410983333, 871025891]"
192135439,"[192127240, 192135440, 192116652]"
186368349,"[186368671, 432575467]"
2283123679,"[419750588, 2283123676, 2749098286, 810324773]"
186368571,"[175276975, 186368666]"
651316838,"[411275026, 2615028320]"
186368666,"[186368671, 186368571]"
186368671,"[186368666, 186368349]"
1337181360,"[3331483165, 668987077]"
186369503,"[186404995, 871025888, 971707802, 2877655537]"
192136672,"[192145051, 4780933800, 192145123]"
192136676,"[492447890, 663239418]"
4886929679,"[176533535, 2324428082]"
568020067,"[176157983, 568020068]"
568020069,"[176157976, 568020068, 176147433]"
568020070,"[176147433, 176169927]"
2319928608,"[2319928612, 3546770314]"
610520819,"[841989530, 538986783]"
2114705802,"[415533588, 878804561]"
422443427,"[422443428, 175060064]"
422443428,"[192106219, 422443427, 1336665730]"
422443433,"[422443424, 422443423]"
1278990843,"[225658112, 212641546]"
1110694704,"[599905971, 4247935489]"
411818834,"[412486513, 413554877]"
192117165,"[192116655, 3773117002]"
1615198889,"[456228114, 176157987]"
192144062,"[416564074, 3630743528]"
192144076,"[3630743527, 3630743528]"
192144081,"[192116649, 192145896]"
192144682,"[192135441, 192144824, 192145896]"
192144824,"[192135441, 192145051, 192144682]"
1336665714,"[637623877, 1336666063]"
1336665730,"[422443428, 491074149]"
414443282,"[414443279, 702107791, 176195127, 503093048]"
414443319,"[412413113, 414443365, 456228114, 412413111]"
411827206,[430297650]
2749098286,"[419750582, 2283123679]"
192145896,"[192144081, 192144682, 192145123]"
3122368904,"[915838100, 2970412270, 409769015]"
919334008,[242545360]
319892993,"[319892986, 175071713]"
4887503183,"[2283319420, 2283239728]"
3711914797,"[212641538, 212641540]"
477361333,"[192203114, 1479400983, 1344162072]"
477361371,"[412479670, 192202835, 192203114]"
1352399340,"[412477811, 1352399404]"
1352399404,"[1352399340, 192224757]"
1049360968,"[540867697, 540867722, 540867705]"
1184103403,"[175281719, 3602465775]"
412351964,"[176133255, 538716089, 411232472]"
416547560,"[416547601, 176397094, 192290906, 5264049283]"
416547564,"[241925326, 1139134027, 416547601]"
416547601,"[416547560, 416547564]"
411829193,[179399605]
220464469,"[319524893, 220464473, 176188559, 3194360852]"
220464473,"[220464469, 1621165387]"
220464475,"[614328279, 1621165387]"
3426528149,"[3426528148, 243796260]"
424892031,[424904294]
5290924719,"[618802678, 3889575869, 175347199]"
2126776920,"[176188572, 176188854, 176189218]"
220465862,[220403457]
1615725013,"[955659499, 176602990]"
805571450,"[2283123676, 2283239628, 810324773]"
805571452,"[1589522272, 419750588, 810324773]"
220466704,[614328279]
2300983965,"[179598252, 179598254]"
412356840,"[412356841, 412356843]"
412356841,"[192082991, 412356840]"
412356843,"[192083125, 192083126, 412356840, 2324428076]"
2126032288,"[4703415945, 2126032275]"
192156852,"[4843531472, 220566411, 4346893827, 4843537109]"
3684439934,"[220500686, 3684358044]"
220469212,"[1948960586, 220469213]"
220469213,"[220469233, 220469212, 521678895]"
220469226,"[220403457, 220469234]"
220469233,"[220469213, 220469234]"
220469234,"[412224917, 220469233, 220469226, 3732513225, 1393925359]"
220470133,"[220470138, 319524908, 230710525, 611055456]"
220470138,"[220470133, 521678895]"
412359791,"[176611811, 412359792, 3575471895]"
412359792,"[412359791, 600645381, 414422156]"
5052829943,"[4428552173, 5052829956]"
544481056,"[176289960, 412050738]"
544481058,"[175249720, 412050737]"
2370576229,"[1260431964, 2370576248, 2370576248]"
2370576248,"[349980756, 2370576229, 2370576229]"
1153180667,"[176171245, 410873827]"
409740819,"[410194944, 409770814, 409766060, 360181866]"
538716089,"[412351964, 409773016]"
538716090,"[409773017, 411232472]"
1184114912,"[176668369, 1184115021]"
1184114948,"[176696076, 435328522]"
1184115021,"[410992895, 1184114912]"
212609464,"[176144588, 636984050]"
1853830366,"[5170589322, 1853830344, 1853830367, 1133656877]"
1853830367,"[1853830368, 175136135, 1853830366]"
1853830368,"[5170589322, 1853830367]"
929836272,"[416571304, 968534101]"
3311678238,"[825255598, 418997401, 2874310209]"
3210491160,"[175124192, 175124190]"
431240712,[3234118027]
1418999560,"[476273655, 231270638]"
415369698,"[679140068, 415369699]"
1620327265,[1620327269]
1620327269,"[1620327289, 1620327265]"
1620327289,"[231270601, 1620327269]"
930364687,"[176176323, 1070932824]"
192135441,"[192144682, 192144824, 192135440]"
413942172,"[411275026, 813213151]"
416564069,"[968518512, 416571303]"
416564071,"[175054405, 4778199164, 175054404, 968518512]"
416564073,"[970886128, 416564075, 957051555]"
416564074,"[416574217, 192144062]"
416564075,"[416611715, 474653834, 416564073]"
349980756,"[360181868, 2370576248]"
725896225,[5253491622]
412372139,"[176602997, 643337560]"
175394249,"[242545360, 242545413, 919334010, 243796260]"
175394255,"[412747181, 536496850, 243796174]"
175394257,"[412747179, 459485884, 1005022141, 1005022140]"
175394261,"[459485884, 175397209, 176132470]"
186404995,"[186369503, 541402048]"
186404998,"[541402048, 186405002]"
186405002,"[186405013, 186404998, 230718286]"
186405013,"[186405002, 541400704]"
186405020,"[541400704, 823458995]"
412224917,"[220469234, 175266290]"
913068564,"[176609224, 175054394]"
424956907,"[220561270, 1553399292]"
424956913,"[220561270, 1699842625, 192094935]"
541348909,"[241924545, 241924897]"
175397196,"[243796255, 243796260, 536496872, 242545360]"
175397199,"[1362575912, 536496872, 536496842]"
175397205,"[175397206, 412747179]"
175397206,"[175397205, 175397209]"
175397209,"[360181868, 175397206, 175394261, 459436065]"
412050738,"[544481056, 176300884]"
416571303,"[416564069, 416571304]"
416571304,"[929836272, 416571303]"
416571308,[958472806]
455892925,"[474896843, 421329722]"
2429313139,"[2788642078, 319524893, 2373232700, 2429313146]"
2429313146,"[2429313139, 410058305, 2788642078]"
412749998,[418997388]
412750017,[435322583]
2888591070,"[2431222034, 192138568, 179399601]"
455895476,"[175036073, 421328833]"
455895478,"[176267569, 421329726]"
416574209,"[416574217, 970886128, 416574210]"
416574210,"[416574217, 416574209, 2192770314]"
416574217,"[416574209, 416564074, 416574210]"
528622904,"[528622902, 463190927, 241925326]"
241919962,"[241924526, 652693864]"
179598075,"[175271084, 179462993, 175267781]"
476276888,"[176279665, 471730363]"
179598252,"[338186107, 2300983965, 1014192408]"
179598254,"[179598255, 2300983965]"
179598255,"[179598254, 179414096]"
456946647,"[999135092, 456946649, 176141482]"
456946649,"[456946647, 176141242, 2210410034]"
514618489,"[418813358, 514618493]"
514618493,[514618489]
514618594,"[418813361, 3602461035]"
432575467,"[186368349, 432577978]"
412383281,"[176133255, 1005022140]"
4863709213,[4863709208]
854358493,"[410851161, 176176310]"
175248472,"[1140378627, 175250124]"
4160885990,[813213151]
3630743527,"[192144076, 192073549]"
3689551403,"[230855175, 176195120]"
3546770314,"[618576148, 2319928608]"
220497815,"[220500339, 175129449, 3684358044, 3706390529]"
409766060,"[175127329, 409770819, 179406613, 409740819]"
415533585,"[1140378627, 565330203]"
415533588,"[2114705802, 1140378626]"
415534056,[915513972]
220500339,"[220497815, 179442776]"
220500686,"[179442775, 3684439934]"
810324773,"[805571452, 805571450, 4247935489, 2283123679]"
409769012,"[409770816, 1071128522, 409769020, 2368611037]"
409769015,"[3133122012, 3122368904]"
409769016,"[360178196, 176188551, 409769019]"
409769019,"[409770817, 409769020, 409769016]"
409769020,"[360178196, 409769019, 409769012]"
2046596624,"[410058308, 1608497388]"
2046596649,"[176195122, 293107245]"
503093048,"[761892211, 414443282]"
212638155,"[1490092440, 3574777411, 1008892580]"
176668371,"[176699630, 176668369]"
409770814,"[409740819, 2368611019]"
409770816,"[409769012, 409770817, 409770819]"
409770817,"[409770816, 409769019, 409770819]"
409770819,"[409770817, 409770816, 409766060]"
3923909095,"[175119655, 3923909098, 2374646874, 176201773]"
3612122139,"[220643321, 176201773]"
2608907558,[2608907557]
2374550828,"[2374550816, 2374550814, 1615447113]"
804657816,"[458757595, 871025864]"
175075315,"[175066119, 175075312, 241919839, 175036127, 591780190]"
192192660,"[409773017, 2112395507, 494064139, 409773016, 507091518]"
175250124,[175248472]
5045186638,"[3498419467, 412496979]"
409773016,"[3133122012, 538716089, 192192660, 409773017]"
409773017,"[192192660, 1507014289, 538716090, 409773016]"
409773023,"[1277005296, 1507014289]"
1751950466,"[176529951, 4778594872]"
212641538,"[3711914797, 176195120, 3689569432]"
212641540,"[293107382, 176195122, 225658112, 3711914797]"
212641546,"[212641552, 1253924563, 1253924563, 1278990843, 1614180954]"
212641552,"[212641546, 633565264]"
2373232700,"[410046808, 2429313139, 2788642078]"
1341958320,"[175119648, 410968157]"
4538165802,"[1204230031, 1204230041, 4538165799]"
1474079205,"[810975635, 1474079206, 3716995644, 2283239728]"
1474079206,"[2283239636, 1474079205, 2283239723, 2283239701]"
422443423,"[422443433, 192106219, 412339331]"
192196885,"[494064139, 445428129]"
192196891,"[176279670, 410983326]"
445428129,"[1479400995, 192196885]"
2045030954,"[360179250, 3942857069]"
2045030961,"[3207250367, 2164270459]"
445428494,"[341979449, 179408141]"
1613897211,"[176195127, 176147425]"
3674518538,"[192073543, 979065120]"
3674518558,"[175060062, 3674760548]"
490518213,[417803533]
490518214,[417803538]
412229300,"[412229350, 175271079]"
412229308,"[175271064, 175271077]"
412229355,"[175271080, 175271079]"
3234118027,"[431240712, 2608907557]"
490521151,"[490521152, 419750580]"
490521152,"[490521151, 419750581, 3707817247]"
2788642078,"[2429313139, 2373232700, 2429313146, 410402587]"
413451787,"[192202829, 413451788, 175127328, 662932249]"
413451788,"[192202829, 413451787, 176188559, 175126208]"
192202829,"[413451787, 413451788, 410953404]"
192202835,"[477361371, 1344162086, 192203114, 1344162095]"
192203114,"[1344162072, 477361333, 477361371, 192202835]"
220514983,[220514986]
220514986,[220514983]
220514987,"[175258850, 192127240]"
914672726,[241893649]
192116655,"[192117165, 192134076, 192116652]"
4147377889,"[225658107, 225658109]"
212652884,"[212656908, 412050736, 176176320]"
4433695672,"[3716922624, 1234581628]"
2283239628,"[2283239630, 805571450]"
2283239630,"[2283239636, 2283239628, 2283123676]"
212654521,"[212656908, 176157983, 176157986]"
192117168,"[192134076, 3773117002]"
241924545,"[175075308, 652693864, 541348909]"
419750580,"[490521151, 419750581, 419750583, 419751365]"
419750582,"[419750581, 2749098286, 419750583, 3236233272]"
419750583,"[419750582, 419750580, 3236233267, 419750586]"
241924897,"[369643527, 241925111, 541348909]"
212656908,"[212652884, 212654521, 412096536]"
176301558,"[176195119, 2884663915, 176300872]"
175432817,[3806412127]
2970412269,[2970412255]
419751365,"[417803533, 419750580]"
241925111,"[241924897, 241925114]"
241925118,"[1071004567, 241925114]"
3114069061,"[175355781, 3114063256]"
3514100851,"[225604293, 225604290]"
412413111,"[702107791, 2861412279, 414443319]"
412413112,[412413113]
412413113,"[2861412235, 414443319, 416794923, 412413112]"
416608928,"[319893201, 369643527]"
242545360,"[175394249, 2910142023, 919334008, 175397196]"
242545413,"[175394249, 242545420]"
242545420,"[875617143, 176134383, 242545413]"
176267591,"[176267588, 4843537109]"
1102902717,"[243796175, 412747179, 1102902718]"
1102902718,"[1102902717, 412747181, 243796175]"
421328833,"[421328834, 455895476]"
421328834,"[421328838, 421328833]"
421328838,"[421328834, 175036060]"
503118102,"[900444494, 491863809]"
4856966745,"[175054394, 175054397]"
421329722,"[421329726, 455892925]"
421329726,"[421329722, 455895478]"
540867722,"[414575548, 1049360968]"
540867729,"[414575548, 456738465]"
823458995,"[186405020, 411726836]"
416611715,"[416564075, 600645382, 416611723]"
416611723,"[416611715, 290609674, 474653834]"
3236233266,"[2283319420, 419750581]"
3236233267,"[417803538, 419750583]"
3236233272,"[419750582, 2283239723]"
3114063256,"[3114069061, 4134012908]"
176302954,"[176294204, 1613857458]"
2140997120,"[1348942855, 1348942864]"
1005027689,"[413541328, 192076454]"
1217202930,"[293104776, 411275950, 411275960]"
426476029,"[176533525, 176533532]"
3518828018,"[229201068, 760853843]"
2351239270,"[820107858, 1241659477]"
453316803,[471441994]
541397189,"[456766260, 612896049]"
220533627,"[485535276, 175058339, 796777490]"
410851161,"[854358493, 3700614811]"
3716995644,"[416918629, 1474079205]"
192224757,"[1585537475, 1352399404]"
541400704,"[186405020, 186405013]"
600645381,"[600038269, 412359792]"
600645382,"[416611715, 600038269]"
4890963965,"[4890963966, 3721211688, 4890964001]"
4890963966,"[3721211689, 4890963965, 4890964002]"
410853780,"[1479400988, 1014655166]"
1667484915,"[1204230031, 360177589]"
541402048,"[186404998, 186404995]"
875617109,"[179413468, 875617143]"
875617143,"[242545420, 875617109]"
424904294,[424892031]
341979449,"[445428494, 1645456330]"
1060972451,"[176300884, 655219417, 655219456]"
2318880887,"[176157986, 618576148]"
192224754,"[1241659477, 1585537475, 313890618, 3858169962, 3858169964]"
192228507,"[412472941, 176201773, 175131770, 175131769]"
571813112,"[4552081587, 4552081588]"
846540106,"[220646593, 175054406]"
723856991,"[176184693, 360181866]"
3721211689,"[4890963966, 4428552172]"
1111830750,"[411275021, 2615028320]"
491074149,"[1336665730, 1336666063, 192106219]"
419772415,"[231270601, 4271975656, 419772423]"
419772423,[419772415]
412496920,"[412496938, 414576434]"
4243906366,"[1271979992, 4321064768, 3498419458, 176201781]"
418725497,[1830497574]
503136592,"[179399586, 707134921]"
503136594,"[1616486769, 5156320905, 5107229795]"
475874443,"[1624927321, 1306149679]"
2319928612,"[2319928608, 176157987]"
418202970,"[175129449, 410968174]"
3689236014,"[412049654, 538986783]"
4321064768,"[4243906366, 3498419454, 4321064770]"
4321064770,"[1271979992, 179428591, 4321064768]"
4967986735,"[474896843, 176267562, 176609221]"
3889575869,"[5290924719, 412539987]"
4229779502,"[1589522272, 1133482461]"
419750581,"[419750582, 419750580, 490521152, 3236233266]"
419750586,"[419750588, 419750583]"
419750588,"[805571452, 2283123679, 419750586]"
1234581628,"[457422373, 179457051, 4433695672]"
724916519,"[176188559, 176279665]"
411275021,"[1111830750, 411275023]"
2970412255,"[2970412270, 2970412269]"
1253924563,"[212641546, 212641546, 411677237]"
3575471895,"[412359791, 290609674]"
2304598229,[1306149806]
413541328,"[1005027689, 314575417]"
313890618,"[192224754, 3774821101]"
4869735541,"[176605399, 176267562, 176267562]"
410873827,"[410873843, 1153180667]"
410873843,"[410873827, 411721999]"
410875074,[632375000]
231270661,"[176267607, 3512350116, 231270657]"
319529728,"[2884663915, 2883155337]"
179453624,"[3716922624, 1483045608, 179457578]"
220559667,[220559672]
220559672,[220559667]
1483045608,"[410983328, 410983326, 179453624, 1483045630]"
1483045611,"[1483045606, 1483045627]"
1483045627,"[1483045633, 1483045611]"
1483045630,"[1483045635, 1483045608]"
1483045635,"[410983329, 665864109, 1483045630, 458755944]"
3701666386,"[225604293, 410060116]"
1036926912,"[1036925116, 1036927209, 1036925116]"
220561270,"[220561273, 424956907, 424956913]"
220561273,"[220561270, 220561274, 220563120, 192094933]"
220561274,[220561273]
2874362911,"[2874362910, 1705549342]"
565330203,"[415533585, 175267819]"
220563120,"[220561273, 176267600, 192136677]"
220563123,[220568918]
220563600,[220566408]
419269039,"[1249526791, 411726836, 419269039, 419269039]"
220564194,"[192136677, 220564673]"
220564673,"[2964683055, 220564194]"
1277005296,"[569925214, 409773023]"
220566408,[220563600]
220566411,"[2965584768, 192156852]"
3783103644,"[424893809, 424886012, 1827822139]"
268277478,"[268277479, 411232472]"
999135092,"[1853830344, 456946647, 176141242]"
412457842,"[316419821, 412457934, 412457857]"
412457857,"[414402702, 412457842]"
412457934,"[412457842, 2374550816]"
1393925359,"[3732513226, 220469234]"
220568918,[220563123]
268279674,"[268279718, 2877655537]"
268279718,"[268279674, 230718295]"
268280159,"[230718291, 3605048985, 3077985666]"
428712810,[1204230016]
1093510001,[411275960]
2599265516,"[2148632653, 4346893827]"
3498419454,"[456766260, 179428591, 4321064765, 4321064768]"
3498419458,"[1271979992, 4243906366, 3498419461]"
3498419472,"[414402702, 175136127, 4321693014]"
1193125214,"[176188555, 176668351]"
175036060,"[175060062, 421328838]"
2861412279,"[412413111, 5156320905, 5107229766]"
176533525,"[426476029, 176529951]"
176533532,"[176537731, 426476029, 176533535]"
176533535,"[4886929679, 176533532, 1615721380]"
176533537,"[192083472, 192083125]"
5035970508,"[4428552168, 3498419461, 5035973227]"
175036077,"[175031576, 4428552173, 175036080, 5052829956]"
829799254,"[411274440, 412102594, 411225440]"
176537731,"[176567986, 176533532, 176573578]"
176537738,"[176573578, 176537747]"
176537747,"[176545259, 176537738]"
4875329710,"[175036074, 4428552173]"
192127240,"[192138568, 192135439, 220514987, 2299148928]"
192127250,"[175266154, 1133482461]"
1139134027,"[416547564, 3429848454]"
220403533,"[1117151763, 220403524, 456717152]"
663606420,"[176180269, 176180273]"
179457578,"[179453624, 410983326, 179453623, 2224695399]"
651316802,"[411225437, 412102594]"
412472941,"[192228507, 175136127, 3923909098]"
829806237,[1093455916]
829806254,[412102611]
412473558,"[3639208477, 1616495239]"
591780190,"[175075312, 175075315, 241918725]"
655219314,"[655219456, 655219417]"
655219417,"[1060972451, 655219430, 655219314]"
655219430,[655219417]
655219456,"[176300880, 655219314, 1060972451]"
796777476,"[491863809, 485535276]"
796777490,"[220533627, 4780933800]"
176545259,"[176537747, 176545267]"
1479400988,"[179408143, 1479400995, 410853780, 1479400983]"
1479400989,"[179408141, 1479400983, 179408143, 1479400995]"
1479400995,"[1479400988, 445428129, 1479400989]"
3291866153,"[176277603, 176277605]"
494789959,"[176132475, 1344666015]"
494789960,[1344666015]
430302643,[241895609]
614328279,"[220464475, 220466704]"
414574792,[241924526]
412477811,"[1352399340, 410968174]"
783673845,"[176184693, 2368611035]"
540867697,"[1049360968, 319893177, 540867716, 540867705]"
540867705,"[540867706, 540867697, 1049360968]"
540867712,"[540867706, 540867716, 540867735]"
540867716,"[540867712, 319893177, 540867697]"
414575548,"[241924526, 540867729, 540867722]"
414575555,"[540867735, 414576431]"
411726857,[411726836]
414576431,"[414576434, 414575555]"
414576434,"[175036094, 414576431, 412496920]"
2158121644,"[1344162086, 175126230]"
412479670,"[475991535, 477361371]"
1344666015,"[494789959, 494789960]"
422443424,"[422443433, 175060064, 175060069]"
440269956,[440269960]
440269960,[440269956]
1369833260,"[176144588, 176144585]"
4428552173,"[175036077, 5052829943, 4428552172, 4875329710]"
3426528148,"[536496857, 3426528149]"
3077985666,"[795958935, 268280159]"
5107229795,"[5107229778, 192076454, 503136594]"
538837615,"[415369699, 176267569, 192083170]"
707134921,"[761499598, 503136592, 5107229776]"
220822969,"[412537658, 482310174]"
471730363,"[476276888, 176279670]"
412486513,"[212617843, 176203293, 411818834, 4778199164]"
3194360849,"[3194360852, 611055456]"
3194360852,"[220464469, 3194360849]"
413537567,"[179399582, 5165808816, 968534101]"
1080431991,"[360177841, 360179822]"
411283073,"[411283100, 412044782]"
1090393934,[411276972]
411283092,[411283072]
179460670,"[2223135286, 179462993, 179460367]"
192290378,"[192290383, 463190927]"
192290383,"[241918719, 192290378, 192290386]"
192290386,"[413771080, 192290391, 192290383]"
192290391,"[192290386, 243796233]"
410918930,"[931380617, 176176320]"
192291048,[192291050]
192291050,"[412820516, 192291048, 175082606]"
192291052,"[241928678, 241927052]"
3732735377,"[2661430382, 3732513226]"
2368611035,"[2368611019, 2368611059, 783673845, 176184694]"
2368611059,"[1260431964, 2368611037, 2368611035]"
192291874,[176397094]
432779595,"[432779613, 1385723550]"
2615028320,"[1111830750, 651316838]"
931540544,"[1154170407, 176169927]"
1589522272,"[4229779502, 805571452]"
4890964001,"[412496980, 4890964002, 4890963965]"
4890964002,"[4890964001, 175031576, 4890963966]"
837169557,"[921254612, 482291855]"
975581851,"[417792673, 230726799]"
412496938,"[175036080, 412496920]"
412496968,"[412496987, 175031579]"
412496979,"[5035973227, 5045186638]"
412496980,"[4890964001, 1410305940, 5035973227, 4428552168]"
412496987,"[412496968, 175031590]"
955659499,"[1615725013, 175031572]"
176567986,"[176537731, 2324428090, 176573578]"
176567992,"[176267582, 966505785, 4843545532]"
648262610,[220403490]
1036925116,"[1036926934, 1036926912, 1036926912]"
1236679313,"[537979413, 868713895]"
1071004567,"[241925118, 3639209524]"
410402587,"[360181861, 2788642078]"
966505785,"[2148632653, 176567992]"
1036926934,"[482310174, 220833845, 1036925116]"
1036927209,[1036926912]
1344162072,"[192203114, 175127317, 1344162086, 477361333]"
1344162086,"[2158121644, 1344162095, 192202835, 1344162072]"
1344162095,"[668987077, 1344162086, 192202835]"
412502503,"[192290906, 412502509]"
412502509,[412502503]
176573578,"[176567986, 176537738, 176537731]"
175355783,"[618832572, 192091681, 4134012908, 4170810592]"
4863709208,[4863709213]
4428552168,"[176602990, 5035970508, 412496980, 3721211688]"
4428552172,"[175031574, 175031576, 3721211689, 4428552173]"
413554851,"[176201780, 795997487, 413554877]"
413554877,"[176201780, 176277596, 413554851, 411818834]"
449206481,"[539593103, 449207223, 449206488]"
449206488,[449206481]
928405846,"[645034841, 176179609]"
474896843,"[4967986735, 455892925]"
449207223,"[449206481, 411276240, 449207224]"
449207224,[449207223]
449207230,[411274443]
1117151763,"[220403533, 1117151768]"
1117151768,[1117151763]
175066119,"[175075315, 241927052, 175078694]"
3331483165,"[176279670, 1337181360]"
463190927,"[528622904, 192290378]"
1614180954,"[176147425, 212641546]"
175136127,"[412472941, 3498419472, 316419821]"
2314631335,"[225604300, 225604300, 411677237]"
3718151209,"[416918616, 3664266505]"
911637628,"[176203297, 911637622]"
220626598,"[176277596, 175054405, 220646593, 4346949778]"
1615227523,"[225658109, 225604300]"
412516637,"[175060069, 2408070140, 5006791669]"
412516638,"[412516656, 2408070140, 3512399415]"
412516656,[412516638]
810975635,"[1474079205, 2283239775]"
176144580,"[176141249, 3774821101]"
968518512,"[416564069, 416564071]"
462325140,[462325206]
462325206,"[462336788, 463064085, 462325140]"
192135440,"[192135439, 192135441]"
970886128,"[416571309, 416574209, 416564073, 958472806]"
220630798,"[220647808, 990852398, 793882469]"
175031579,"[175036080, 412496968, 175031576, 176530990]"
3694964868,"[2861412235, 3704246259]"
418813312,[418813361]
418813358,"[418814402, 514618489]"
418813361,"[418813312, 514618594]"
418814380,"[418814405, 3602286160, 175277006]"
418814402,"[418813358, 3602461035, 418814405]"
418814405,"[418814402, 418814380, 3602461035]"
939957998,"[176169918, 176169924]"
250519458,"[175281750, 175281762]"
192136677,"[220564194, 220563120, 663239418]"
410953404,"[475991535, 192202829]"
462336788,[462325206]
3610206173,"[3610206174, 637623877]"
618576148,"[176157986, 3546770314, 2318880887]"
3923909098,"[2374646872, 3923909095, 412472941, 175131770]"
176602990,"[426471806, 4428552168, 1615725013, 176609221]"
176602997,"[412372139, 708046702]"
176602999,"[176603000, 643337560]"
176603000,"[176602999, 176603001]"
176603001,"[176603002, 176603000]"
176603002,"[176603009, 176603001]"
176603009,"[176603002, 415276001]"
220643321,"[175131768, 176277597, 3612122139, 175119648]"
2613494326,"[2408070140, 1827314431, 3306373682]"
2613494334,"[3306373682, 3306373691]"
851362510,"[979065120, 176624355]"
175031563,"[175031560, 474662006]"
175031572,"[175031574, 175036073, 955659499, 568024645]"
175031574,"[175031572, 4428552172]"
175031576,"[4890964002, 175036077, 175031579, 4428552172]"
175031590,"[241920422, 175031598, 412496987, 319893201, 175036094]"
175031598,"[175031590, 319893180]"
176605047,"[176605397, 176605399, 474624776]"
176605397,"[176605047, 426471806]"
176605399,"[4869735541, 176605047]"
1615251772,"[225604300, 4937881712]"
412339328,"[2823802911, 412339331]"
412339331,"[412339328, 422443423]"
220646593,"[176277597, 846540106, 220659131, 220626598]"
492227867,"[175058331, 492227909, 175058339]"
492227909,[492227867]
1802576582,"[293107245, 230855175]"
220647808,"[223291356, 220630798, 175054406]"
1070932824,"[192078098, 930364687]"
710333756,"[175124190, 175124189]"
710333758,"[175126202, 175126204]"
175036074,"[4875327078, 4875329710]"
175036094,"[414576434, 175036112, 175031590]"
175036112,"[319893177, 175036094, 319893180, 1606501378]"
175036122,"[175036124, 1606501378]"
175036124,"[175036122, 175036127]"
175036127,"[175036128, 175075315, 175036124]"
175036128,"[412820513, 175036127, 4886960048, 3429848454]"
810997538,[1133482461]
176609221,"[176267562, 176602990, 4967986735]"
176609227,"[175054394, 4888965530]"
1520596364,"[179443339, 410067529]"
412539987,"[175347189, 829997085, 3889575869]"
3753677017,"[418998762, 435290106]"
410968157,"[3858169959, 1341958320]"
410968169,"[3858169962, 175118129]"
410968174,"[3706390529, 412477811, 418202970]"
2823802911,"[412339328, 192105128, 900444494]"
176611811,"[412359791, 176620226, 176622200]"
3704170122,"[176195123, 4937885495]"
911637622,"[911637628, 179399582]"
4321693014,"[3498419467, 414402702, 3498419472]"
4780933800,"[192136672, 796777490]"
710340578,"[175126202, 175124189, 1699781403]"
317649456,"[360181866, 176180273]"
2874310209,[3311678238]
3698302403,"[176176310, 412050736]"
220659131,"[175054407, 793883470, 2320008594, 220646593]"
1553399292,"[176267607, 3512350116, 424956907]"
3858169959,"[410968157, 5026452261]"
3858169964,"[192224754, 5026452261]"
417792673,"[975581851, 230727343]"
176620226,"[176611811, 176622200, 176609231]"
411232472,"[268277478, 412351964, 538716090, 418999307]"
175048158,"[708414979, 175040709, 410047434]"
175048160,"[410047434, 708414883]"
175048165,"[1387234850, 175054407, 1387234851]"
176132475,"[176132470, 176132477, 494789959]"
176132477,"[319893598, 176132475]"
176622200,"[176611811, 176620226, 4832001155]"
4035906190,"[176267573, 176267576]"
410873852,"[1487547117, 1914250636]"
4271975656,"[231270634, 419772415]"
4843537109,"[176267591, 192156852]"
176624355,"[1300350562, 469191096, 603470132, 851362510, 4782735521]"
176624721,"[4832001155, 1300350562]"
2908690121,"[1387234850, 708414883, 1387234852, 1387213384]"
175277019,"[175277011, 175277031]"
1204229986,"[1204230016, 1204230043, 1204230039]"
1204230016,"[428712810, 4538165799, 1204229986]"
1204230039,"[1204229986, 175138533, 1853830380]"
1204230041,"[4538165799, 175136140, 4538165802]"
410983326,"[192196891, 179460367, 1483045606, 1483045608, 179457578]"
410983328,"[1483045608, 1483045606]"
410983329,"[1483045635, 1483045633]"
410983333,"[411811583, 458755944]"
513530361,"[175054394, 474644253]"
175054394,"[513530361, 4856966745, 679140068, 176609227, 913068564]"
175054397,"[175054404, 4856966745]"
175054404,"[176203297, 416564071, 175054397, 2152851726]"
175054405,"[416564071, 175054406, 220626598, 793882469]"
175054406,"[220647808, 846540106, 175054405, 175054407]"
175054407,"[220659131, 175048165, 175054406]"
600038269,"[290609674, 600645381, 600645382]"
176629104,"[4782735521, 469191096, 4915897709]"
223291356,"[220647808, 223291357]"
223291357,"[223291356, 4937881712]"
4346949778,"[220626598, 212617843]"
417803532,[416918626]
417803533,"[490518213, 417803538, 416918626, 419751365]"
417803538,"[417803533, 490518214, 3236233267, 3806412127]"
175058331,[492227867]
175058340,"[491863809, 487767549, 192105137]"
931476066,"[176157987, 628577088]"
482291848,"[482291855, 921254630]"
482291855,"[482291848, 837169557]"
1387213376,"[225604300, 1387213384, 1387234850]"
1387213384,"[1387213376, 2908690121]"
3774821101,"[176144580, 313890618]"
175060064,"[422443427, 175060062, 422443424]"
175060069,"[412516637, 175058339, 422443424, 5006791668]"
175060071,"[5006791669, 5006791668, 175060077]"
175060077,[175060071]
1853830378,"[1853830375, 1204230043, 1853830380]"
990852381,"[990852398, 1490092440]"
990852398,"[220630798, 990852381]"
5156320905,"[503136594, 5107229778, 2861412279, 5107229794]"
2661430382,"[878804561, 3732735377]"
223295952,[708414979]
1348942855,"[175266186, 2140997120]"
1348942864,"[2140997120, 175266190]"
198655214,"[176277599, 175119648]"
192138568,"[192127240, 2888591070, 548486932]"
410992895,"[418998762, 1184115021]"
3704246259,"[3694964868, 456228114]"
1362575912,[175397199]
462373971,"[1244173517, 220403457, 220403469]"
3773117002,"[192117165, 192117168]"
504317249,"[175267781, 2071557279, 175266312]"
469191096,"[176629104, 176624355, 4915881566]"
412044782,[411283073]
3689581827,"[225604290, 176176328]"
411275960,"[1217202930, 411275961, 1093510001]"
652693864,"[241919962, 241924545]"
628577088,"[628577116, 230853785, 931476066]"
628577116,[628577088]
175068232,"[241919839, 241918826]"
3429848454,"[1139134027, 175036128]"
3610206174,"[3610206173, 3117927971, 958510437]"
412049654,"[1914250636, 3709007077, 3689236014]"
412050736,"[212652884, 3698302403]"
412050737,"[176294204, 544481058]"
192145123,"[192136672, 192145051, 192145896]"
414443279,"[414443282, 414443436, 1008892580]"
1005022140,"[175394257, 1005022141, 412383281]"
1005022141,"[175394257, 1005022140, 243796174]"
414443365,"[414443319, 176195127]"
1336666063,"[491074149, 1336665714]"
175075308,"[241920422, 241924545, 319892986]"
175075312,"[175075315, 591780190, 175071713]"
3806412127,"[417803538, 175432817]"
482310174,"[415263369, 220822969, 1036926934]"
2283239636,"[1474079206, 2283239639, 2283239630]"
2283239639,"[2283239636, 2283239723, 2283123676]"
482313258,[482313278]
2283239701,"[3664266505, 1474079206]"
2283239728,"[2283239775, 2283239723, 4887503183, 1474079205]"
2283239775,"[2283239728, 810975635, 3707817247]"
915838100,"[1071128522, 3122368904]"
175078694,"[175066119, 1316687265]"
175078703,"[1316687265, 241925854]"
175078710,"[175078842, 241925854]"
175078842,"[175082606, 175078710]"
540867706,"[540867705, 540867712, 540867735]"
540867735,"[414575555, 540867706, 540867712]"
482313203,[482313278]
482313278,"[482313258, 482313203, 175336161]"
868713895,"[225658114, 1236679313]"
1387234850,"[175048165, 2908690121, 1387234851, 1387213376]"
1387234851,"[1030347394, 1387234850, 175048165, 1387234852]"
1387234852,"[708414883, 1030347394, 2908690121, 1387234851]"
919334010,[175394249]
175082606,"[175078842, 192291050, 241927052, 175082612]"
175082612,[175082606]
424893809,[3783103644]
1410305940,"[414402702, 412496980]"
176132465,"[645034841, 459785149, 459785148]"
1133482461,"[192127250, 4229779502, 810997538]"
176133255,"[319893598, 412351964, 412383281, 176134377]"
3700921719,"[410055100, 176176328]"
4875327078,"[175036074, 175036073]"
176134377,"[176134383, 268277479, 176133255]"
176134383,"[176134377, 418999307, 459464835, 242545420]"
176134386,"[176134389, 459464835]"
176134389,"[176134386, 176134392]"
176134392,"[569925896, 176134395, 176134389]"
176134395,"[418998752, 176134392, 418998772]"
5228173768,"[175129447, 175129449]"
4321064765,"[3498419454, 456766260, 176267558]"
636984032,"[636984050, 1030347394]"
636984050,"[636984032, 212609464]"
268277479,"[176134377, 268277478]"
708046702,"[176602997, 2324428083]"
703571069,"[176277599, 793883470]"
686271225,"[2861412235, 176157986]"
4888965530,"[176609227, 176609231]"
710333742,"[175129445, 175129446]"
176141242,"[999135092, 456946649, 1133656877]"
176141244,"[176141249, 2210410034, 176141482]"
176141249,"[176141244, 176144580, 176141482]"
176141482,"[176141244, 456946647, 176141249]"
1608497388,"[410060113, 2046596624]"
841989530,"[610520819, 176171245]"
635944418,"[192078101, 176176323]"
176157976,"[176147433, 176157979, 568020069]"
176157979,"[176157976, 3612986548]"
176157983,"[568020067, 212654521, 3612986548]"
176668351,"[496218307, 1014655166, 1193125214]"
176668360,"[1645456330, 2112395507, 3178287322]"
2324428082,"[2324428090, 2324428076, 2324428083, 4886929679]"
2324428083,"[2324428076, 2324428090, 2324428082, 708046702]"
2324428090,"[176567986, 2324428082, 2324428083]"
176144584,"[410049573, 820107858, 493976681, 775948804]"
176144585,"[1369833260, 775948804]"
176144588,"[212609464, 1369833260, 2320008594, 2320008594]"
459785148,"[3639208477, 176132465]"
459785149,"[176132465, 360179251]"
416794923,[412413113]
176147425,"[1614180954, 230853785, 176195123, 1613897211]"
176147433,"[176157976, 568020070, 568020069]"
611055456,"[220470133, 3194360849]"
1369428299,[2910142023]
474653834,"[416564075, 416611723, 957051555]"
4453293168,[813213151]
360177510,"[360177588, 360177589]"
360177588,"[360177510, 175136140]"
360177589,"[360177510, 4552081588, 1667484915]"
360177800,"[360177841, 4552081587]"
4915897709,"[176629104, 192116649]"
360177841,"[360177800, 176179621, 1080431991]"
360178196,"[409769020, 409769016, 2206889238]"
360179247,"[360179250, 4397222528]"
360179250,"[360179247, 2045030954]"
360179251,"[645034729, 459785149, 3942857069]"
360179822,"[3711976332, 1080431991]"
491863809,"[175058340, 796777476, 503118102]"
668987077,"[176279670, 1344162095, 1337181360]"
360181861,"[360181864, 410402587, 1332437452]"
360181864,"[410067526, 360181861, 410067529, 1699781359]"
360181866,"[409740819, 317649456, 643390613, 723856991]"
360181868,"[175397209, 176184693, 349980756, 459805088]"
176157987,"[931476066, 3711896415, 2319928612, 1615198889]"
314571441,"[192076452, 192116652]"
3114061635,"[618832572, 2548263294]"
314571916,"[192076454, 192117340]"
5165808816,"[413537567, 761499598, 923870247]"
229201118,"[175266309, 229201114, 229201068]"
